source_url	relpath	status
https://yandex.ru/support/metrica/ru/ad/data-format	ru/ad/data-format.md	ok
https://yandex.ru/support/metrica/ru/ad/expenses	ru/ad/expenses.md	ok
https://yandex.ru/support/metrica/ru/ad/facebook	ru/ad/facebook.md	ok
https://yandex.ru/support/metrica/ru/ad/google	ru/ad/google.md	ok
https://yandex.ru/support/metrica/ru/ad/mytarget	ru/ad/mytarget.md	ok
https://yandex.ru/support/metrica/ru/ad/remove	ru/ad/remove.md	ok
https://yandex.ru/support/metrica/ru/ad/upload-ad-sys	ru/ad/upload-ad-sys.md	ok
https://yandex.ru/support/metrica/ru/ad/upload-connector	ru/ad/upload-connector.md	ok
https://yandex.ru/support/metrica/ru/ad/upload-file	ru/ad/upload-file.md	ok
https://yandex.ru/support/metrica/ru/ad/vk-ads	ru/ad/vk-ads.md	ok
https://yandex.ru/support/metrica/ru/ad/vk	ru/ad/vk.md	ok
https://yandex.ru/support/metrica/ru/advisable/clear-hierarchy	ru/advisable/clear-hierarchy.md	ok
https://yandex.ru/support/metrica/ru/advisable/content-search	ru/advisable/content-search.md	ok
https://yandex.ru/support/metrica/ru/advisable/detailed-descriptions	ru/advisable/detailed-descriptions.md	ok
https://yandex.ru/support/metrica/ru/advisable/easy-navigation	ru/advisable/easy-navigation.md	ok
https://yandex.ru/support/metrica/ru/advisable/grammatical-correctness	ru/advisable/grammatical-correctness.md	ok
https://yandex.ru/support/metrica/ru/advisable/open-access	ru/advisable/open-access.md	ok
https://yandex.ru/support/metrica/ru/advisable/simple-order	ru/advisable/simple-order.md	ok
https://yandex.ru/support/metrica/ru/advisable/structured-text	ru/advisable/structured-text.md	ok
https://yandex.ru/support/metrica/ru/analytics/intro	ru/analytics/intro.md	ok
https://yandex.ru/support/metrica/ru/behavior/click-map	ru/behavior/click-map.md	ok
https://yandex.ru/support/metrica/ru/behavior/link-map	ru/behavior/link-map.md	ok
https://yandex.ru/support/metrica/ru/behavior/scroll-map	ru/behavior/scroll-map.md	ok
https://yandex.ru/support/metrica/ru/behavior/web-forms	ru/behavior/web-forms.md	ok
https://yandex.ru/support/metrica/ru/changelog	ru/changelog.md	ok
https://yandex.ru/support/metrica/ru/code/ajax-flash	ru/code/ajax-flash.md	ok
https://yandex.ru/support/metrica/ru/code/counter-initialize	ru/code/counter-initialize.md	ok
https://yandex.ru/support/metrica/ru/code/counter-spa-setup	ru/code/counter-spa-setup.md	ok
https://yandex.ru/support/metrica/ru/code/data-collected	ru/code/data-collected.md	ok
https://yandex.ru/support/metrica/ru/code/html-markup	ru/code/html-markup.md	ok
https://yandex.ru/support/metrica/ru/code/install-counter-amp	ru/code/install-counter-amp.md	ok
https://yandex.ru/support/metrica/ru/code/install-counter-csp	ru/code/install-counter-csp.md	ok
https://yandex.ru/support/metrica/ru/code/install-counter-fb	ru/code/install-counter-fb.md	ok
https://yandex.ru/support/metrica/ru/code/install-counter-turbo	ru/code/install-counter-turbo.md	ok
https://yandex.ru/support/metrica/ru/code/install-counter-webview	ru/code/install-counter-webview.md	ok
https://yandex.ru/support/metrica/ru/code/install-several-counters	ru/code/install-several-counters.md	ok
https://yandex.ru/support/metrica/ru/code/separate-code-file	ru/code/separate-code-file.md	ok
https://yandex.ru/support/metrica/ru/content/entry-pages	ru/content/entry-pages.md	ok
https://yandex.ru/support/metrica/ru/content/events	ru/content/events.md	ok
https://yandex.ru/support/metrica/ru/content/exit-pages	ru/content/exit-pages.md	ok
https://yandex.ru/support/metrica/ru/content/external-links	ru/content/external-links.md	ok
https://yandex.ru/support/metrica/ru/content/file-downloads	ru/content/file-downloads.md	ok
https://yandex.ru/support/metrica/ru/content/page-titles	ru/content/page-titles.md	ok
https://yandex.ru/support/metrica/ru/content/popular	ru/content/popular.md	ok
https://yandex.ru/support/metrica/ru/content/share-button	ru/content/share-button.md	ok
https://yandex.ru/support/metrica/ru/content/turbo	ru/content/turbo.md	ok
https://yandex.ru/support/metrica/ru/content/url-params	ru/content/url-params.md	ok
https://yandex.ru/support/metrica/ru/crm/about	ru/crm/about.md	ok
https://yandex.ru/support/metrica/ru/crm/amocrm	ru/crm/amocrm.md	ok
https://yandex.ru/support/metrica/ru/crm/bitrix	ru/crm/bitrix.md	ok
https://yandex.ru/support/metrica/ru/crm/segment	ru/crm/segment.md	ok
https://yandex.ru/support/metrica/ru/data/calls	ru/data/calls.md	ok
https://yandex.ru/support/metrica/ru/data/chat	ru/data/chat.md	ok
https://yandex.ru/support/metrica/ru/data/e-commerce-reports	ru/data/e-commerce-reports.md	ok
https://yandex.ru/support/metrica/ru/data/e-commerce	ru/data/e-commerce.md	ok
https://yandex.ru/support/metrica/ru/data/get-yclid	ru/data/get-yclid.md	ok
https://yandex.ru/support/metrica/ru/data/offline-conversion-data	ru/data/offline-conversion-data.md	ok
https://yandex.ru/support/metrica/ru/data/offline-conversion	ru/data/offline-conversion.md	ok
https://yandex.ru/support/metrica/ru/data/offline-params	ru/data/offline-params.md	ok
https://yandex.ru/support/metrica/ru/data/user-params-data	ru/data/user-params-data.md	ok
https://yandex.ru/support/metrica/ru/data/user-params-example	ru/data/user-params-example.md	ok
https://yandex.ru/support/metrica/ru/data/visit-params-data	ru/data/visit-params-data.md	ok
https://yandex.ru/support/metrica/ru/data/visit-params-example	ru/data/visit-params-example.md	ok
https://yandex.ru/support/metrica/ru/data/visit-params-reports	ru/data/visit-params-reports.md	ok
https://yandex.ru/support/metrica/ru/data/yclid	ru/data/yclid.md	ok
https://yandex.ru/support/metrica/ru/ecommerce/about	ru/ecommerce/about.md	ok
https://yandex.ru/support/metrica/ru/ecommerce/bitrix	ru/ecommerce/bitrix.md	ok
https://yandex.ru/support/metrica/ru/ecommerce/check	ru/ecommerce/check.md	ok
https://yandex.ru/support/metrica/ru/ecommerce/data	ru/ecommerce/data.md	ok
https://yandex.ru/support/metrica/ru/ecommerce/enabling	ru/ecommerce/enabling.md	ok
https://yandex.ru/support/metrica/ru/ecommerce/opencart	ru/ecommerce/opencart.md	ok
https://yandex.ru/support/metrica/ru/ecommerce/tilda	ru/ecommerce/tilda.md	ok
https://yandex.ru/support/metrica/ru/ecommerce/troubleshooting	ru/ecommerce/troubleshooting.md	ok
https://yandex.ru/support/metrica/ru/ecommerce/wordpress	ru/ecommerce/wordpress.md	ok
https://yandex.ru/support/metrica/ru/general/a-commerce-autogoals	ru/general/a-commerce-autogoals.md	ok
https://yandex.ru/support/metrica/ru/general/acc-settings	ru/general/acc-settings.md	ok
https://yandex.ru/support/metrica/ru/general/access-filters	ru/general/access-filters.md	ok
https://yandex.ru/support/metrica/ru/general/access	ru/general/access.md	ok
https://yandex.ru/support/metrica/ru/general/advanced-matching	ru/general/advanced-matching.md	ok
https://yandex.ru/support/metrica/ru/general/alternative-domain	ru/general/alternative-domain.md	ok
https://yandex.ru/support/metrica/ru/general/auto-goals	ru/general/auto-goals.md	ok
https://yandex.ru/support/metrica/ru/general/auto-tag	ru/general/auto-tag.md	ok
https://yandex.ru/support/metrica/ru/general/call-goal	ru/general/call-goal.md	ok
https://yandex.ru/support/metrica/ru/general/chat-goal	ru/general/chat-goal.md	ok
https://yandex.ru/support/metrica/ru/general/check-counter	ru/general/check-counter.md	ok
https://yandex.ru/support/metrica/ru/general/check-goal	ru/general/check-goal.md	ok
https://yandex.ru/support/metrica/ru/general/check-list	ru/general/check-list.md	ok
https://yandex.ru/support/metrica/ru/general/choose-goal	ru/general/choose-goal.md	ok
https://yandex.ru/support/metrica/ru/general/clientid-userid	ru/general/clientid-userid.md	ok
https://yandex.ru/support/metrica/ru/general/confidential-data	ru/general/confidential-data.md	ok
https://yandex.ru/support/metrica/ru/general/cookie-usage	ru/general/cookie-usage.md	ok
https://yandex.ru/support/metrica/ru/general/counter-general	ru/general/counter-general.md	ok
https://yandex.ru/support/metrica/ru/general/counter-webvisor	ru/general/counter-webvisor.md	ok
https://yandex.ru/support/metrica/ru/general/creating-counter	ru/general/creating-counter.md	ok
https://yandex.ru/support/metrica/ru/general/debugger	ru/general/debugger.md	ok
https://yandex.ru/support/metrica/ru/general/delete-data	ru/general/delete-data.md	ok
https://yandex.ru/support/metrica/ru/general/direct-reports	ru/general/direct-reports.md	ok
https://yandex.ru/support/metrica/ru/general/direct	ru/general/direct.md	ok
https://yandex.ru/support/metrica/ru/general/e-commerce-autogoals	ru/general/e-commerce-autogoals.md	ok
https://yandex.ru/support/metrica/ru/general/events	ru/general/events.md	ok
https://yandex.ru/support/metrica/ru/general/favorite-goals	ru/general/favorite-goals.md	ok
https://yandex.ru/support/metrica/ru/general/filters	ru/general/filters.md	ok
https://yandex.ru/support/metrica/ru/general/gdpr	ru/general/gdpr.md	ok
https://yandex.ru/support/metrica/ru/general/glossary	ru/general/glossary.md	ok
https://yandex.ru/support/metrica/ru/general/goal-js-event	ru/general/goal-js-event.md	ok
https://yandex.ru/support/metrica/ru/general/goal-page-views	ru/general/goal-page-views.md	ok
https://yandex.ru/support/metrica/ru/general/goal-page-visit	ru/general/goal-page-visit.md	ok
https://yandex.ru/support/metrica/ru/general/goal-retargeting	ru/general/goal-retargeting.md	ok
https://yandex.ru/support/metrica/ru/general/goal-steps	ru/general/goal-steps.md	ok
https://yandex.ru/support/metrica/ru/general/goal-visit-duration	ru/general/goal-visit-duration.md	ok
https://yandex.ru/support/metrica/ru/general/goals-changes-notconv	ru/general/goals-changes-notconv.md	ok
https://yandex.ru/support/metrica/ru/general/goals-changes	ru/general/goals-changes.md	ok
https://yandex.ru/support/metrica/ru/general/goals	ru/general/goals.md	ok
https://yandex.ru/support/metrica/ru/general/how-it-works	ru/general/how-it-works.md	ok
https://yandex.ru/support/metrica/ru/general/insights	ru/general/insights.md	ok
https://yandex.ru/support/metrica/ru/general/ip-masking	ru/general/ip-masking.md	ok
https://yandex.ru/support/metrica/ru/general/limits	ru/general/limits.md	ok
https://yandex.ru/support/metrica/ru/general/link-webmaster	ru/general/link-webmaster.md	ok
https://yandex.ru/support/metrica/ru/general/market	ru/general/market.md	ok
https://yandex.ru/support/metrica/ru/general/measurement-protocol	ru/general/measurement-protocol.md	ok
https://yandex.ru/support/metrica/ru/general/multi	ru/general/multi.md	ok
https://yandex.ru/support/metrica/ru/general/my-counters	ru/general/my-counters.md	ok
https://yandex.ru/support/metrica/ru/general/notification	ru/general/notification.md	ok
https://yandex.ru/support/metrica/ru/general/notifications	ru/general/notifications.md	ok
https://yandex.ru/support/metrica/ru/general/opt-out	ru/general/opt-out.md	ok
https://yandex.ru/support/metrica/ru/general/other-features	ru/general/other-features.md	ok
https://yandex.ru/support/metrica/ru/general/parameters-goal	ru/general/parameters-goal.md	ok
https://yandex.ru/support/metrica/ru/general/people	ru/general/people.md	ok
https://yandex.ru/support/metrica/ru/general/price-goal	ru/general/price-goal.md	ok
https://yandex.ru/support/metrica/ru/general/qrcode	ru/general/qrcode.md	ok
https://yandex.ru/support/metrica/ru/general/recommend-goals	ru/general/recommend-goals.md	ok
https://yandex.ru/support/metrica/ru/general/regexp	ru/general/regexp.md	ok
https://yandex.ru/support/metrica/ru/general/robots	ru/general/robots.md	ok
https://yandex.ru/support/metrica/ru/general/rsya-auto-placement	ru/general/rsya-auto-placement.md	ok
https://yandex.ru/support/metrica/ru/general/safari-cookie	ru/general/safari-cookie.md	ok
https://yandex.ru/support/metrica/ru/general/search-query-sup	ru/general/search-query-sup.md	ok
https://yandex.ru/support/metrica/ru/general/segmentation-examples	ru/general/segmentation-examples.md	ok
https://yandex.ru/support/metrica/ru/general/segmentation-report	ru/general/segmentation-report.md	ok
https://yandex.ru/support/metrica/ru/general/segmentation-retargeting	ru/general/segmentation-retargeting.md	ok
https://yandex.ru/support/metrica/ru/general/segmentation-segments	ru/general/segmentation-segments.md	ok
https://yandex.ru/support/metrica/ru/general/segmentation	ru/general/segmentation.md	ok
https://yandex.ru/support/metrica/ru/general/site-profile	ru/general/site-profile.md	ok
https://yandex.ru/support/metrica/ru/general/source-tags	ru/general/source-tags.md	ok
https://yandex.ru/support/metrica/ru/general/sources-qanda	ru/general/sources-qanda.md	ok
https://yandex.ru/support/metrica/ru/general/sources-tracking	ru/general/sources-tracking.md	ok
https://yandex.ru/support/metrica/ru/general/sst	ru/general/sst.md	ok
https://yandex.ru/support/metrica/ru/general/tag-counter	ru/general/tag-counter.md	ok
https://yandex.ru/support/metrica/ru/general/tag-id	ru/general/tag-id.md	ok
https://yandex.ru/support/metrica/ru/general/tag-info	ru/general/tag-info.md	ok
https://yandex.ru/support/metrica/ru/general/user-opt-out	ru/general/user-opt-out.md	ok
https://yandex.ru/support/metrica/ru/important/basket	ru/important/basket.md	ok
https://yandex.ru/support/metrica/ru/important/buy-button	ru/important/buy-button.md	ok
https://yandex.ru/support/metrica/ru/important/contacts	ru/important/contacts.md	ok
https://yandex.ru/support/metrica/ru/important/display-correctly	ru/important/display-correctly.md	ok
https://yandex.ru/support/metrica/ru/important/news-update	ru/important/news-update.md	ok
https://yandex.ru/support/metrica/ru/important/pay-info	ru/important/pay-info.md	ok
https://yandex.ru/support/metrica/ru/important/price	ru/important/price.md	ok
https://yandex.ru/support/metrica/ru/integrated-goal/bills	ru/integrated-goal/bills.md	ok
https://yandex.ru/support/metrica/ru/integrated-goal/jivo-goal	ru/integrated-goal/jivo-goal.md	ok
https://yandex.ru/support/metrica/ru/integrated-goal/marquiz	ru/integrated-goal/marquiz.md	ok
https://yandex.ru/support/metrica/ru/integrated-goal/nethouse-goal	ru/integrated-goal/nethouse-goal.md	ok
https://yandex.ru/support/metrica/ru/integrated-goal/pay	ru/integrated-goal/pay.md	ok
https://yandex.ru/support/metrica/ru/integrated-goal/services-list	ru/integrated-goal/services-list.md	ok
https://yandex.ru/support/metrica/ru/integrated-goal/split	ru/integrated-goal/split.md	ok
https://yandex.ru/support/metrica/ru/marketplace	ru/marketplace.md	ok
https://yandex.ru/support/metrica/ru/mobile/intro	ru/mobile/intro.md	ok
https://yandex.ru/support/metrica/ru/mobile/stat	ru/mobile/stat.md	ok
https://yandex.ru/support/metrica/ru/objects/addfileextension	ru/objects/addfileextension.md	ok
https://yandex.ru/support/metrica/ru/objects/check-first-party-params	ru/objects/check-first-party-params.md	ok
https://yandex.ru/support/metrica/ru/objects/clickmap	ru/objects/clickmap.md	ok
https://yandex.ru/support/metrica/ru/objects/enableall	ru/objects/enableall.md	ok
https://yandex.ru/support/metrica/ru/objects/extlink	ru/objects/extlink.md	ok
https://yandex.ru/support/metrica/ru/objects/file	ru/objects/file.md	ok
https://yandex.ru/support/metrica/ru/objects/first-party-params-hash	ru/objects/first-party-params-hash.md	ok
https://yandex.ru/support/metrica/ru/objects/first-party-params	ru/objects/first-party-params.md	ok
https://yandex.ru/support/metrica/ru/objects/get-client-id	ru/objects/get-client-id.md	ok
https://yandex.ru/support/metrica/ru/objects/hit-url-title-referer	ru/objects/hit-url-title-referer.md	ok
https://yandex.ru/support/metrica/ru/objects/hit	ru/objects/hit.md	ok
https://yandex.ru/support/metrica/ru/objects/method-reference	ru/objects/method-reference.md	ok
https://yandex.ru/support/metrica/ru/objects/method-sprav	ru/objects/method-sprav.md	ok
https://yandex.ru/support/metrica/ru/objects/notbounce	ru/objects/notbounce.md	ok
https://yandex.ru/support/metrica/ru/objects/params-method	ru/objects/params-method.md	ok
https://yandex.ru/support/metrica/ru/objects/reachgoal	ru/objects/reachgoal.md	ok
https://yandex.ru/support/metrica/ru/objects/set-user-id	ru/objects/set-user-id.md	ok
https://yandex.ru/support/metrica/ru/objects/tracklinks	ru/objects/tracklinks.md	ok
https://yandex.ru/support/metrica/ru/objects/user-params	ru/objects/user-params.md	ok
https://yandex.ru/support/metrica/ru/popup	ru/popup.md	ok
https://yandex.ru/support/metrica/ru/pro/access-org	ru/pro/access-org.md	ok
https://yandex.ru/support/metrica/ru/pro/access	ru/pro/access.md	ok
https://yandex.ru/support/metrica/ru/pro/account	ru/pro/account.md	ok
https://yandex.ru/support/metrica/ru/pro/add-tag	ru/pro/add-tag.md	ok
https://yandex.ru/support/metrica/ru/pro/certification	ru/pro/certification.md	ok
https://yandex.ru/support/metrica/ru/pro/data-work	ru/pro/data-work.md	ok
https://yandex.ru/support/metrica/ru/pro/history	ru/pro/history.md	ok
https://yandex.ru/support/metrica/ru/pro/hits	ru/pro/hits.md	ok
https://yandex.ru/support/metrica/ru/pro/intro	ru/pro/intro.md	ok
https://yandex.ru/support/metrica/ru/pro/limits	ru/pro/limits.md	ok
https://yandex.ru/support/metrica/ru/pro/methods	ru/pro/methods.md	ok
https://yandex.ru/support/metrica/ru/pro/monitoring-access	ru/pro/monitoring-access.md	ok
https://yandex.ru/support/metrica/ru/pro/monitoring-quotas	ru/pro/monitoring-quotas.md	ok
https://yandex.ru/support/metrica/ru/pro/monitoring-transfer	ru/pro/monitoring-transfer.md	ok
https://yandex.ru/support/metrica/ru/pro/payments-and-docs	ru/pro/payments-and-docs.md	ok
https://yandex.ru/support/metrica/ru/pro/price	ru/pro/price.md	ok
https://yandex.ru/support/metrica/ru/pro/quotas	ru/pro/quotas.md	ok
https://yandex.ru/support/metrica/ru/pro/visits	ru/pro/visits.md	ok
https://yandex.ru/support/metrica/ru/publishers/about	ru/publishers/about.md	ok
https://yandex.ru/support/metrica/ru/publishers/check-data	ru/publishers/check-data.md	ok
https://yandex.ru/support/metrica/ru/publishers/open-graph/open-graph	ru/publishers/open-graph/open-graph.md	ok
https://yandex.ru/support/metrica/ru/publishers/reports/author	ru/publishers/reports/author.md	ok
https://yandex.ru/support/metrica/ru/publishers/reports/data	ru/publishers/reports/data.md	ok
https://yandex.ru/support/metrica/ru/publishers/reports/main	ru/publishers/reports/main.md	ok
https://yandex.ru/support/metrica/ru/publishers/reports/material	ru/publishers/reports/material.md	ok
https://yandex.ru/support/metrica/ru/publishers/reports/overview	ru/publishers/reports/overview.md	ok
https://yandex.ru/support/metrica/ru/publishers/reports/rubric	ru/publishers/reports/rubric.md	ok
https://yandex.ru/support/metrica/ru/publishers/reports/topic	ru/publishers/reports/topic.md	ok
https://yandex.ru/support/metrica/ru/publishers/schema-org/json-ld	ru/publishers/schema-org/json-ld.md	ok
https://yandex.ru/support/metrica/ru/publishers/schema-org/microdata	ru/publishers/schema-org/microdata.md	ok
https://yandex.ru/support/metrica/ru/publishers/schema-org/schema-org	ru/publishers/schema-org/schema-org.md	ok
https://yandex.ru/support/metrica/ru/publishers/schema-org/source	ru/publishers/schema-org/source.md	ok
https://yandex.ru/support/metrica/ru/publishers/standart/author	ru/publishers/standart/author.md	ok
https://yandex.ru/support/metrica/ru/publishers/standart/rubric	ru/publishers/standart/rubric.md	ok
https://yandex.ru/support/metrica/ru/publishers/standart/sources	ru/publishers/standart/sources.md	ok
https://yandex.ru/support/metrica/ru/publishers/standart/topic	ru/publishers/standart/topic.md	ok
https://yandex.ru/support/metrica/ru/quick-start	ru/quick-start.md	ok
https://yandex.ru/support/metrica/ru/recommendations/make-site-better	ru/recommendations/make-site-better.md	ok
https://yandex.ru/support/metrica/ru/reports/ad-systems	ru/reports/ad-systems.md	ok
https://yandex.ru/support/metrica/ru/reports/adfox-ad-event	ru/reports/adfox-ad-event.md	ok
https://yandex.ru/support/metrica/ru/reports/adfox-default-responses	ru/reports/adfox-default-responses.md	ok
https://yandex.ru/support/metrica/ru/reports/adfox-geo	ru/reports/adfox-geo.md	ok
https://yandex.ru/support/metrica/ru/reports/adfox-header-bidding	ru/reports/adfox-header-bidding.md	ok
https://yandex.ru/support/metrica/ru/reports/adfox-implem	ru/reports/adfox-implem.md	ok
https://yandex.ru/support/metrica/ru/reports/adfox-impressions	ru/reports/adfox-impressions.md	ok
https://yandex.ru/support/metrica/ru/reports/adfox-puid	ru/reports/adfox-puid.md	ok
https://yandex.ru/support/metrica/ru/reports/adfox-sources	ru/reports/adfox-sources.md	ok
https://yandex.ru/support/metrica/ru/reports/adfox	ru/reports/adfox.md	ok
https://yandex.ru/support/metrica/ru/reports/ads	ru/reports/ads.md	ok
https://yandex.ru/support/metrica/ru/reports/attribution-model	ru/reports/attribution-model.md	ok
https://yandex.ru/support/metrica/ru/reports/before-start	ru/reports/before-start.md	ok
https://yandex.ru/support/metrica/ru/reports/benchmarks-industry	ru/reports/benchmarks-industry.md	ok
https://yandex.ru/support/metrica/ru/reports/benchmarks-sales	ru/reports/benchmarks-sales.md	ok
https://yandex.ru/support/metrica/ru/reports/benchmarks	ru/reports/benchmarks.md	ok
https://yandex.ru/support/metrica/ru/reports/calls-detail	ru/reports/calls-detail.md	ok
https://yandex.ru/support/metrica/ru/reports/calls-quality	ru/reports/calls-quality.md	ok
https://yandex.ru/support/metrica/ru/reports/calls-sources	ru/reports/calls-sources.md	ok
https://yandex.ru/support/metrica/ru/reports/calls	ru/reports/calls.md	ok
https://yandex.ru/support/metrica/ru/reports/chat-detail	ru/reports/chat-detail.md	ok
https://yandex.ru/support/metrica/ru/reports/chat-messengers	ru/reports/chat-messengers.md	ok
https://yandex.ru/support/metrica/ru/reports/chat-sources	ru/reports/chat-sources.md	ok
https://yandex.ru/support/metrica/ru/reports/content-orders	ru/reports/content-orders.md	ok
https://yandex.ru/support/metrica/ru/reports/conversion	ru/reports/conversion.md	ok
https://yandex.ru/support/metrica/ru/reports/ecommerce-funnel	ru/reports/ecommerce-funnel.md	ok
https://yandex.ru/support/metrica/ru/reports/ecommerce	ru/reports/ecommerce.md	ok
https://yandex.ru/support/metrica/ru/reports/event-params	ru/reports/event-params.md	ok
https://yandex.ru/support/metrica/ru/reports/false-data	ru/reports/false-data.md	ok
https://yandex.ru/support/metrica/ru/reports/funnels	ru/reports/funnels.md	ok
https://yandex.ru/support/metrica/ru/reports/goal-params	ru/reports/goal-params.md	ok
https://yandex.ru/support/metrica/ru/reports/goals	ru/reports/goals.md	ok
https://yandex.ru/support/metrica/ru/reports/items-in-cart	ru/reports/items-in-cart.md	ok
https://yandex.ru/support/metrica/ru/reports/link-order	ru/reports/link-order.md	ok
https://yandex.ru/support/metrica/ru/reports/lists	ru/reports/lists.md	ok
https://yandex.ru/support/metrica/ru/reports/load	ru/reports/load.md	ok
https://yandex.ru/support/metrica/ru/reports/monetization	ru/reports/monetization.md	ok
https://yandex.ru/support/metrica/ru/reports/monitoring	ru/reports/monitoring.md	ok
https://yandex.ru/support/metrica/ru/reports/notes	ru/reports/notes.md	ok
https://yandex.ru/support/metrica/ru/reports/offline-conversions	ru/reports/offline-conversions.md	ok
https://yandex.ru/support/metrica/ru/reports/order-management	ru/reports/order-management.md	ok
https://yandex.ru/support/metrica/ru/reports/ordered-goods	ru/reports/ordered-goods.md	ok
https://yandex.ru/support/metrica/ru/reports/orders-by-hours	ru/reports/orders-by-hours.md	ok
https://yandex.ru/support/metrica/ru/reports/orders-by-month	ru/reports/orders-by-month.md	ok
https://yandex.ru/support/metrica/ru/reports/orders-by-week	ru/reports/orders-by-week.md	ok
https://yandex.ru/support/metrica/ru/reports/orders-in-metrica-reports	ru/reports/orders-in-metrica-reports.md	ok
https://yandex.ru/support/metrica/ru/reports/orders	ru/reports/orders.md	ok
https://yandex.ru/support/metrica/ru/reports/overview	ru/reports/overview.md	ok
https://yandex.ru/support/metrica/ru/reports/partner	ru/reports/partner.md	ok
https://yandex.ru/support/metrica/ru/reports/popular-brands	ru/reports/popular-brands.md	ok
https://yandex.ru/support/metrica/ru/reports/popular-goods	ru/reports/popular-goods.md	ok
https://yandex.ru/support/metrica/ru/reports/prebid	ru/reports/prebid.md	ok
https://yandex.ru/support/metrica/ru/reports/promo-codes	ru/reports/promo-codes.md	ok
https://yandex.ru/support/metrica/ru/reports/recommend-activ	ru/reports/recommend-activ.md	ok
https://yandex.ru/support/metrica/ru/reports/recommend-content	ru/reports/recommend-content.md	ok
https://yandex.ru/support/metrica/ru/reports/recommend-page	ru/reports/recommend-page.md	ok
https://yandex.ru/support/metrica/ru/reports/report-general	ru/reports/report-general.md	ok
https://yandex.ru/support/metrica/ru/reports/report-orders	ru/reports/report-orders.md	ok
https://yandex.ru/support/metrica/ru/reports/report-tag	ru/reports/report-tag.md	ok
https://yandex.ru/support/metrica/ru/reports/report-widget	ru/reports/report-widget.md	ok
https://yandex.ru/support/metrica/ru/reports/reports-fb	ru/reports/reports-fb.md	ok
https://yandex.ru/support/metrica/ru/reports/robots	ru/reports/robots.md	ok
https://yandex.ru/support/metrica/ru/reports/sampling	ru/reports/sampling.md	ok
https://yandex.ru/support/metrica/ru/reports/tags-from	ru/reports/tags-from.md	ok
https://yandex.ru/support/metrica/ru/reports/tags-openstat	ru/reports/tags-openstat.md	ok
https://yandex.ru/support/metrica/ru/reports/tags-utm	ru/reports/tags-utm.md	ok
https://yandex.ru/support/metrica/ru/reports/tags	ru/reports/tags.md	ok
https://yandex.ru/support/metrica/ru/reports/telegram	ru/reports/telegram.md	ok
https://yandex.ru/support/metrica/ru/reports/timing	ru/reports/timing.md	ok
https://yandex.ru/support/metrica/ru/reports/traffic-min	ru/reports/traffic-min.md	ok
https://yandex.ru/support/metrica/ru/reports/traffic	ru/reports/traffic.md	ok
https://yandex.ru/support/metrica/ru/reports/undefined	ru/reports/undefined.md	ok
https://yandex.ru/support/metrica/ru/reports/unprocessed-visits	ru/reports/unprocessed-visits.md	ok
https://yandex.ru/support/metrica/ru/reports/user-params	ru/reports/user-params.md	ok
https://yandex.ru/support/metrica/ru/reports/user-pc	ru/reports/user-pc.md	ok
https://yandex.ru/support/metrica/ru/reports/visit-params	ru/reports/visit-params.md	ok
https://yandex.ru/support/metrica/ru/reports/visits-by-month	ru/reports/visits-by-month.md	ok
https://yandex.ru/support/metrica/ru/reports/visits-by-week	ru/reports/visits-by-week.md	ok
https://yandex.ru/support/metrica/ru/security/iso-27001	ru/security/iso-27001.md	ok
https://yandex.ru/support/metrica/ru/security/iso-27701	ru/security/iso-27701.md	ok
https://yandex.ru/support/metrica/ru/sert-integrators	ru/sert-integrators.md	ok
https://yandex.ru/support/metrica/ru/simple-goal/click-beta	ru/simple-goal/click-beta.md	ok
https://yandex.ru/support/metrica/ru/simple-goal/click	ru/simple-goal/click.md	ok
https://yandex.ru/support/metrica/ru/simple-goal/download	ru/simple-goal/download.md	ok
https://yandex.ru/support/metrica/ru/simple-goal/email	ru/simple-goal/email.md	ok
https://yandex.ru/support/metrica/ru/simple-goal/form-beta	ru/simple-goal/form-beta.md	ok
https://yandex.ru/support/metrica/ru/simple-goal/form	ru/simple-goal/form.md	ok
https://yandex.ru/support/metrica/ru/simple-goal/messengers	ru/simple-goal/messengers.md	ok
https://yandex.ru/support/metrica/ru/simple-goal/payment-system	ru/simple-goal/payment-system.md	ok
https://yandex.ru/support/metrica/ru/simple-goal/search	ru/simple-goal/search.md	ok
https://yandex.ru/support/metrica/ru/simple-goal/social-networks	ru/simple-goal/social-networks.md	ok
https://yandex.ru/support/metrica/ru/simple-goal/tel	ru/simple-goal/tel.md	ok
https://yandex.ru/support/metrica/ru/sources/ad-expenses	ru/sources/ad-expenses.md	ok
https://yandex.ru/support/metrica/ru/sources/adfox-settings	ru/sources/adfox-settings.md	ok
https://yandex.ru/support/metrica/ru/sources/direct-clicks	ru/sources/direct-clicks.md	ok
https://yandex.ru/support/metrica/ru/sources/direct-experiment	ru/sources/direct-experiment.md	ok
https://yandex.ru/support/metrica/ru/sources/direct-sites	ru/sources/direct-sites.md	ok
https://yandex.ru/support/metrica/ru/sources/direct-summary	ru/sources/direct-summary.md	ok
https://yandex.ru/support/metrica/ru/sources/messenger	ru/sources/messenger.md	ok
https://yandex.ru/support/metrica/ru/sources/monetization	ru/sources/monetization.md	ok
https://yandex.ru/support/metrica/ru/sources/order-sources	ru/sources/order-sources.md	ok
https://yandex.ru/support/metrica/ru/sources/recommend-system	ru/sources/recommend-system.md	ok
https://yandex.ru/support/metrica/ru/sources/search-engines	ru/sources/search-engines.md	ok
https://yandex.ru/support/metrica/ru/sources/search-queries	ru/sources/search-queries.md	ok
https://yandex.ru/support/metrica/ru/sources/social	ru/sources/social.md	ok
https://yandex.ru/support/metrica/ru/sources/sources-summary	ru/sources/sources-summary.md	ok
https://yandex.ru/support/metrica/ru/sources/websites	ru/sources/websites.md	ok
https://yandex.ru/support/metrica/ru/sources/yan-settings	ru/sources/yan-settings.md	ok
https://yandex.ru/support/metrica/ru/stand-out/easy-to-read	ru/stand-out/easy-to-read.md	ok
https://yandex.ru/support/metrica/ru/stand-out/informative-page-404	ru/stand-out/informative-page-404.md	ok
https://yandex.ru/support/metrica/ru/stand-out/unobtrusive-ad	ru/stand-out/unobtrusive-ad.md	ok
https://yandex.ru/support/metrica/ru/stand-out/user-friendly-design	ru/stand-out/user-friendly-design.md	ok
https://yandex.ru/support/metrica/ru/tag-manager-about	ru/tag-manager-about.md	ok
https://yandex.ru/support/metrica/ru/technologies/adblocks	ru/technologies/adblocks.md	ok
https://yandex.ru/support/metrica/ru/technologies/browsers	ru/technologies/browsers.md	ok
https://yandex.ru/support/metrica/ru/technologies/cookies	ru/technologies/cookies.md	ok
https://yandex.ru/support/metrica/ru/technologies/devices	ru/technologies/devices.md	ok
https://yandex.ru/support/metrica/ru/technologies/display-resolution	ru/technologies/display-resolution.md	ok
https://yandex.ru/support/metrica/ru/technologies/javascript	ru/technologies/javascript.md	ok
https://yandex.ru/support/metrica/ru/technologies/operating-systems	ru/technologies/operating-systems.md	ok
https://yandex.ru/support/metrica/ru/technologies/tech-general	ru/technologies/tech-general.md	ok
https://yandex.ru/support/metrica/ru/technologies/third-party-cookies	ru/technologies/third-party-cookies.md	ok
https://yandex.ru/support/metrica/ru/troubleshooting/access	ru/troubleshooting/access.md	ok
https://yandex.ru/support/metrica/ru/troubleshooting/ads	ru/troubleshooting/ads.md	ok
https://yandex.ru/support/metrica/ru/troubleshooting/analyt	ru/troubleshooting/analyt.md	ok
https://yandex.ru/support/metrica/ru/troubleshooting/cdn-tag	ru/troubleshooting/cdn-tag.md	ok
https://yandex.ru/support/metrica/ru/troubleshooting/consult	ru/troubleshooting/consult.md	ok
https://yandex.ru/support/metrica/ru/troubleshooting/expenses	ru/troubleshooting/expenses.md	ok
https://yandex.ru/support/metrica/ru/troubleshooting/gdpr	ru/troubleshooting/gdpr.md	ok
https://yandex.ru/support/metrica/ru/troubleshooting/goals-dys	ru/troubleshooting/goals-dys.md	ok
https://yandex.ru/support/metrica/ru/troubleshooting/idea	ru/troubleshooting/idea.md	ok
https://yandex.ru/support/metrica/ru/troubleshooting/informer	ru/troubleshooting/informer.md	ok
https://yandex.ru/support/metrica/ru/troubleshooting/install-tag	ru/troubleshooting/install-tag.md	ok
https://yandex.ru/support/metrica/ru/troubleshooting/maps	ru/troubleshooting/maps.md	ok
https://yandex.ru/support/metrica/ru/troubleshooting/marketplace	ru/troubleshooting/marketplace.md	ok
https://yandex.ru/support/metrica/ru/troubleshooting/metrica-pro	ru/troubleshooting/metrica-pro.md	ok
https://yandex.ru/support/metrica/ru/troubleshooting/mobile	ru/troubleshooting/mobile.md	ok
https://yandex.ru/support/metrica/ru/troubleshooting/move-counter-gen	ru/troubleshooting/move-counter-gen.md	ok
https://yandex.ru/support/metrica/ru/troubleshooting/move-counter	ru/troubleshooting/move-counter.md	ok
https://yandex.ru/support/metrica/ru/troubleshooting/other-qanda	ru/troubleshooting/other-qanda.md	ok
https://yandex.ru/support/metrica/ru/troubleshooting/pin-code	ru/troubleshooting/pin-code.md	ok
https://yandex.ru/support/metrica/ru/troubleshooting/pro	ru/troubleshooting/pro.md	ok
https://yandex.ru/support/metrica/ru/troubleshooting/reports	ru/troubleshooting/reports.md	ok
https://yandex.ru/support/metrica/ru/troubleshooting/robots	ru/troubleshooting/robots.md	ok
https://yandex.ru/support/metrica/ru/troubleshooting/set-goal	ru/troubleshooting/set-goal.md	ok
https://yandex.ru/support/metrica/ru/troubleshooting/source	ru/troubleshooting/source.md	ok
https://yandex.ru/support/metrica/ru/troubleshooting/stat-goal	ru/troubleshooting/stat-goal.md	ok
https://yandex.ru/support/metrica/ru/troubleshooting/tag-settings	ru/troubleshooting/tag-settings.md	ok
https://yandex.ru/support/metrica/ru/troubleshooting/webvisor	ru/troubleshooting/webvisor.md	ok
https://yandex.ru/support/metrica/ru/troubleshooting	ru/troubleshooting.md	ok
https://yandex.ru/support/metrica/ru/turbo/about	ru/turbo/about.md	ok
https://yandex.ru/support/metrica/ru/turbo/goals	ru/turbo/goals.md	ok
https://yandex.ru/support/metrica/ru/turbo/stat	ru/turbo/stat.md	ok
https://yandex.ru/support/metrica/ru/uploading-data/api-reports	ru/uploading-data/api-reports.md	ok
https://yandex.ru/support/metrica/ru/uploading-data/cloud	ru/uploading-data/cloud.md	ok
https://yandex.ru/support/metrica/ru/uploading-data/logs-api	ru/uploading-data/logs-api.md	ok
https://yandex.ru/support/metrica/ru/user-cases/general	ru/user-cases/general.md	ok
https://yandex.ru/support/metrica/ru/user-cases/info	ru/user-cases/info.md	ok
https://yandex.ru/support/metrica/ru/user-cases/offline-store	ru/user-cases/offline-store.md	ok
https://yandex.ru/support/metrica/ru/user-cases/online-store	ru/user-cases/online-store.md	ok
https://yandex.ru/support/metrica/ru/user-cases/publisher	ru/user-cases/publisher.md	ok
https://yandex.ru/support/metrica/ru/visitors/activity-daytime	ru/visitors/activity-daytime.md	ok
https://yandex.ru/support/metrica/ru/visitors/activity-depth	ru/visitors/activity-depth.md	ok
https://yandex.ru/support/metrica/ru/visitors/activity-time	ru/visitors/activity-time.md	ok
https://yandex.ru/support/metrica/ru/visitors/age	ru/visitors/age.md	ok
https://yandex.ru/support/metrica/ru/visitors/geography	ru/visitors/geography.md	ok
https://yandex.ru/support/metrica/ru/visitors/interests-obsolete	ru/visitors/interests-obsolete.md	ok
https://yandex.ru/support/metrica/ru/visitors/interests	ru/visitors/interests.md	ok
https://yandex.ru/support/metrica/ru/visitors/loyalty-first-visit	ru/visitors/loyalty-first-visit.md	ok
https://yandex.ru/support/metrica/ru/visitors/loyalty-general	ru/visitors/loyalty-general.md	ok
https://yandex.ru/support/metrica/ru/visitors/loyalty-last-visit	ru/visitors/loyalty-last-visit.md	ok
https://yandex.ru/support/metrica/ru/visitors/loyalty-period	ru/visitors/loyalty-period.md	ok
https://yandex.ru/support/metrica/ru/visitors/sex	ru/visitors/sex.md	ok
https://yandex.ru/support/metrica/ru/web-documents	ru/web-documents.md	ok
https://yandex.ru/support/metrica/ru/webvisor/errors	ru/webvisor/errors.md	ok
https://yandex.ru/support/metrica/ru/webvisor/iframe-support	ru/webvisor/iframe-support.md	ok
https://yandex.ru/support/metrica/ru/webvisor/info	ru/webvisor/info.md	ok
https://yandex.ru/support/metrica/ru/webvisor/qanda	ru/webvisor/qanda.md	ok
https://yandex.ru/support/metrica/ru/webvisor/requirements	ru/webvisor/requirements.md	ok
https://yandex.ru/support/metrica/ru/webvisor/settings	ru/webvisor/settings.md	ok
https://yandex.ru/support/metrica/ru/webvisor/view-record	ru/webvisor/view-record.md	ok
https://yandex.ru/support/metrica/ru	ru.md	ok
